month,total_revenue
1998-04,123798.68
1998-03,104854.16
1998-02,99415.29
1998-01,94222.11
1997-12,71398.43
1997-10,66749.23
1997-01,61258.07
1997-09,55629.24
1997-05,53781.29
1997-04,53032.95
1997-07,51020.86
1997-08,47287.67
1996-11,45600.05
1996-12,45239.63
1997-11,43533.81
1997-03,38547.22
1997-02,38483.64
1996-10,37515.73
1997-06,36362.8
1996-07,27861.9
1996-09,26381.4
1996-08,25485.28
1998-05,18333.63
